{
    "loss": 0.5065749287605286,
    "accuracy": 0.9252336621284485
}